{
  "val": {
    "accuracy": 0.9559118236472945,
    "macro_f1": 0.9375917998756218,
    "per_class": {
      "Perfect": {
        "precision": 0.958139534883721,
        "recall": 0.9951690821256038,
        "f1-score": 0.976303317535545,
        "support": 207.0
      },
      "SecurityError": {
        "precision": 1.0,
        "recall": 1.0,
        "f1-score": 1.0,
        "support": 78.0
      },
      "SemanticError": {
        "precision": 0.8852459016393442,
        "recall": 0.9,
        "f1-score": 0.8925619834710744,
        "support": 60.0
      },
      "StyleError": {
        "precision": 0.9724770642201835,
        "recall": 0.9298245614035088,
        "f1-score": 0.9506726457399103,
        "support": 114.0
      },
      "SyntaxError": {
        "precision": 0.9166666666666666,
        "recall": 0.825,
        "f1-score": 0.868421052631579,
        "support": 40.0
      },
      "accuracy": 0.9559118236472945,
      "macro avg": {
        "precision": 0.9465058334819831,
        "recall": 0.9299987287058226,
        "f1-score": 0.9375917998756218,
        "support": 499.0
      },
      "weighted avg": {
        "precision": 0.9558691178498167,
        "recall": 0.9559118236472945,
        "f1-score": 0.9554349287730164,
        "support": 499.0
      }
    }
  },
  "test": {
    "accuracy": 0.9498997995991983,
    "macro_f1": 0.9465317051313284,
    "per_class": {
      "Perfect": {
        "precision": 0.9237668161434978,
        "recall": 0.9951690821256038,
        "f1-score": 0.958139534883721,
        "support": 207.0
      },
      "SecurityError": {
        "precision": 0.987012987012987,
        "recall": 0.9743589743589743,
        "f1-score": 0.9806451612903225,
        "support": 78.0
      },
      "SemanticError": {
        "precision": 0.9482758620689655,
        "recall": 0.9166666666666666,
        "f1-score": 0.9322033898305084,
        "support": 60.0
      },
      "StyleError": {
        "precision": 0.9805825242718447,
        "recall": 0.8782608695652174,
        "f1-score": 0.926605504587156,
        "support": 115.0
      },
      "SyntaxError": {
        "precision": 0.9473684210526315,
        "recall": 0.9230769230769231,
        "f1-score": 0.935064935064935,
        "support": 39.0
      },
      "accuracy": 0.9498997995991983,
      "macro avg": {
        "precision": 0.9574013221099854,
        "recall": 0.9375065031586771,
        "f1-score": 0.9465317051313284,
        "support": 499.0
      },
      "weighted avg": {
        "precision": 0.9515383855013421,
        "recall": 0.9498997995991983,
        "f1-score": 0.9494680865460146,
        "support": 499.0
      }
    }
  }
}