{
  "val": {
    "accuracy": 0.9498997995991983,
    "macro_f1": 0.9372921204297626,
    "per_class": {
      "Perfect": {
        "precision": 0.9660194174757282,
        "recall": 0.961352657004831,
        "f1-score": 0.9636803874092009,
        "support": 207.0
      },
      "SecurityError": {
        "precision": 0.9629629629629629,
        "recall": 1.0,
        "f1-score": 0.9811320754716981,
        "support": 78.0
      },
      "SemanticError": {
        "precision": 0.9464285714285714,
        "recall": 0.8833333333333333,
        "f1-score": 0.9137931034482759,
        "support": 60.0
      },
      "StyleError": {
        "precision": 0.9553571428571429,
        "recall": 0.9385964912280702,
        "f1-score": 0.9469026548672567,
        "support": 114.0
      },
      "SyntaxError": {
        "precision": 0.8409090909090909,
        "recall": 0.925,
        "f1-score": 0.8809523809523809,
        "support": 40.0
      },
      "accuracy": 0.9498997995991983,
      "macro avg": {
        "precision": 0.9343354371266994,
        "recall": 0.9416564963132469,
        "f1-score": 0.9372921204297626,
        "support": 499.0
      },
      "weighted avg": {
        "precision": 0.9507212880488558,
        "recall": 0.9498997995991983,
        "f1-score": 0.9499453430468058,
        "support": 499.0
      }
    }
  },
  "test": {
    "accuracy": 0.9398797595190381,
    "macro_f1": 0.9283898872274904,
    "per_class": {
      "Perfect": {
        "precision": 0.9433962264150944,
        "recall": 0.966183574879227,
        "f1-score": 0.954653937947494,
        "support": 207.0
      },
      "SecurityError": {
        "precision": 0.9629629629629629,
        "recall": 1.0,
        "f1-score": 0.9811320754716981,
        "support": 78.0
      },
      "SemanticError": {
        "precision": 0.9454545454545454,
        "recall": 0.8666666666666667,
        "f1-score": 0.9043478260869565,
        "support": 60.0
      },
      "StyleError": {
        "precision": 0.9537037037037037,
        "recall": 0.8956521739130435,
        "f1-score": 0.9237668161434978,
        "support": 115.0
      },
      "SyntaxError": {
        "precision": 0.8372093023255814,
        "recall": 0.9230769230769231,
        "f1-score": 0.8780487804878049,
        "support": 39.0
      },
      "accuracy": 0.9398797595190381,
      "macro avg": {
        "precision": 0.9285453481723775,
        "recall": 0.9303158677071721,
        "f1-score": 0.9283898872274904,
        "support": 499.0
      },
      "weighted avg": {
        "precision": 0.9407785399257155,
        "recall": 0.9398797595190381,
        "f1-score": 0.9396385228510375,
        "support": 499.0
      }
    }
  }
}